snp_variant	microbial_cluster	pval	padj	log2err	ES	NES	size	leadingEdge
chr4_89587189_T_G	Bifidobacteria	0.23191094619666047	0.4775458570524984	0.12098514214525231	-0.658080950391204	-1.2360121131724078	4	s__Bifidobacterium_longum; s__Bifidobacterium_dentium
chr4_89587189_T_G	E. coli-Klebsiella	0.286527514231499	0.4775458570524984	0.10839425585339667	-0.6880646174319819	-1.169183261252583	3	s__Escherichia_coli
chr4_89587189_T_G	Fiber Degraders	0.6143187066974596	0.7678983833718245	0.07588869006061172	0.3018179941355284	0.9089708057900046	16	s__Roseburia_inulinivorans; s__Ruminococcus_lactaris; s__Eubacterium_sp_CAG_38; s__Roseburia_intestinalis; s__Eubacterium_ramulus; s__Eubacterium_eligens; s__Blautia_hansenii; s__Ruminococcus_bicirculans
chr4_89587189_T_G	Lactobacilli	0.8538899430740038	0.8538899430740038	0.05049830441007088	-0.41028774964112874	-0.6971751737035348	3	s__Lactobacillus_rhamnosus; s__Lactobacillus_fermentum
chr4_89587189_T_G	Strepto-Actino	0.24493554327808473	0.4775458570524984	0.11673920479122178	-0.5630012494298257	-1.2180514512026301	6	s__Streptococcus_mutans; s__Actinomyces_naeslundii
chr4_89685975_C_G	Bifidobacteria	0.0013312240530840346	0.0066561202654201726	0.45505986738722953	0.9039301310043668	1.832123792871248	4	s__Bifidobacterium_breve; s__Bifidobacterium_longum; s__Bifidobacterium_bifidum; s__Bifidobacterium_dentium
chr4_89685975_C_G	E. coli-Klebsiella	0.4375	0.546875	0.09688777032754396	0.5770435406295293	1.040954259267285	3	s__Escherichia_coli; s__Klebsiella_quasipneumoniae
chr4_89685975_C_G	Fiber Degraders	0.002986726552873846	0.007466816382184615	0.4317076958033464	-0.641131159019388	-1.7438730598849457	16	s__Eubacterium_hallii; s__Eubacterium_ramulus; s__Roseburia_inulinivorans; s__Fusicatenibacter_saccharivorans; s__Ruminococcus_bicirculans; s__Anaerostipes_hadrus; s__Eubacterium_rectale; s__Blautia_wexlerae
chr4_89685975_C_G	Lactobacilli	0.20192307692307693	0.33653846153846156	0.15114876138548375	0.7150549191092117	1.2899190637238844	3	s__Lactobacillus_fermentum; s__Lactobacillus_rhamnosus
chr4_89685975_C_G	Strepto-Actino	0.7210776545166403	0.7210776545166403	0.04999139140245922	-0.3916490621697502	-0.8199082161813005	6	s__Actinomyces_oris
chr4_89715479_G_A	Bifidobacteria	0.12631578947368421	0.20144628099173553	0.18138312849840757	0.7298530053004919	1.3873198850214234	4	s__Bifidobacterium_longum
chr4_89715479_G_A	E. coli-Klebsiella	0.39462809917355374	0.39462809917355374	0.09405034657278127	0.6310230051719925	1.088270028220222	3	s__Klebsiella_quasipneumoniae
chr4_89715479_G_A	Fiber Degraders	0.0038967643987222506	0.019483821993611254	0.4317076958033464	-0.6293541095134886	-1.799337055959232	16	s__Eubacterium_sp_CAG_38; s__Eubacterium_ramulus; s__Ruminococcus_lactaris; s__Roseburia_faecis; s__Roseburia_intestinalis; s__Fusicatenibacter_saccharivorans; s__Eubacterium_eligens; s__Roseburia_inulinivorans
chr4_89715479_G_A	Lactobacilli	0.16115702479338842	0.20144628099173553	0.15740289930528326	0.7500384308053554	1.2935254936328642	3	s__Lactobacillus_rhamnosus
chr4_89715479_G_A	Strepto-Actino	0.12658227848101267	0.20144628099173553	0.18138312849840757	0.6288255540092696	1.357543023551501	6	s__Actinomyces_naeslundii; s__Streptococcus_mutans; s__Streptococcus_anginosus_group
chr4_89716450_G_A	Bifidobacteria	0.013216698618211108	0.03304174654552777	0.3807304007227924	0.8449975187360425	1.7350029980960515	4	s__Bifidobacterium_longum; s__Bifidobacterium_dentium
chr4_89716450_G_A	E. coli-Klebsiella	0.6866883116883117	0.6866883116883117	0.05334778506754903	-0.5173913043478261	-0.8696568404371133	3	s__Klebsiella_pneumoniae; s__Escherichia_coli; s__Klebsiella_quasipneumoniae
chr4_89716450_G_A	Fiber Degraders	0.007753761285465414	0.03304174654552777	0.40701791892395395	-0.6300008605988079	-1.7045087078688672	16	s__Ruminococcus_lactaris; s__Eubacterium_ramulus; s__Eubacterium_sp_CAG_38; s__Fusicatenibacter_saccharivorans; s__Roseburia_faecis; s__Roseburia_inulinivorans; s__Blautia_wexlerae; s__Eubacterium_rectale
chr4_89716450_G_A	Lactobacilli	0.10103626943005181	0.12629533678756477	0.22798720285044224	0.7797742530621905	1.4206562220701977	3	s__Lactobacillus_rhamnosus
chr4_89716450_G_A	Strepto-Actino	0.024153145324192615	0.040255242206987694	0.35248785758361917	0.7126180698387587	1.727877489593475	6	s__Streptococcus_vestibularis; s__Actinomyces_sp_HPA0247; s__Streptococcus_mutans; s__Streptococcus_anginosus_group
chr4_89718364_G_T	Bifidobacteria	0.4863157894736842	0.5326633165829145	0.0833634065110386	-0.5163919952739524	-0.993713241859765	4	s__Bifidobacterium_dentium; s__Bifidobacterium_breve
chr4_89718364_G_T	E. coli-Klebsiella	0.24	0.5326633165829145	0.12043337164225933	0.7086956521739131	1.2259519785423836	3	s__Klebsiella_quasipneumoniae; s__Klebsiella_pneumoniae; s__Escherichia_coli
chr4_89718364_G_T	Fiber Degraders	0.5326633165829145	0.5326633165829145	0.08809450103985174	-0.313081260141236	-0.9429047039470553	16	s__Eubacterium_eligens; s__Clostridium_sp_CAG_58; s__Eubacterium_sp_CAG_38; s__Roseburia_intestinalis
chr4_89718364_G_T	Lactobacilli	0.4225941422594142	0.5326633165829145	0.09082414190071554	-0.6265691567493026	-1.0829916923046305	3	s__Lactobacillus_salivarius; s__Lactobacillus_rhamnosus
chr4_89718364_G_T	Strepto-Actino	0.2565789473684211	0.5326633165829145	0.12563992130984047	-0.5433230939344338	-1.2199374790359006	6	s__Actinomyces_sp_HPA0247; s__Streptococcus_vestibularis
chr4_89720189_T_C	Bifidobacteria	0.028588858773925103	0.04764809795654184	0.35248785758361917	0.8244822314350547	1.6880470899886721	4	s__Bifidobacterium_longum; s__Bifidobacterium_dentium
chr4_89720189_T_C	E. coli-Klebsiella	0.711038961038961	0.711038961038961	0.051740545987316304	-0.508695652173913	-0.853404280800441	3	s__Klebsiella_pneumoniae; s__Escherichia_coli; s__Klebsiella_quasipneumoniae
chr4_89720189_T_C	Fiber Degraders	0.006584388336874019	0.0329219416843701	0.40701791892395395	-0.6291434097946813	-1.6967279478658763	16	s__Ruminococcus_lactaris; s__Eubacterium_ramulus; s__Eubacterium_sp_CAG_38; s__Fusicatenibacter_saccharivorans; s__Roseburia_faecis; s__Roseburia_inulinivorans; s__Eubacterium_rectale; s__Blautia_wexlerae
chr4_89720189_T_C	Lactobacilli	0.09844559585492228	0.12305699481865286	0.23112670967383428	0.7866298307254983	1.4360562939089705	3	s__Lactobacillus_rhamnosus
chr4_89720189_T_C	Strepto-Actino	0.018609035844700438	0.0465225896117511	0.35248785758361917	0.7205323029019565	1.7509661314798919	6	s__Streptococcus_vestibularis; s__Streptococcus_mutans; s__Actinomyces_sp_HPA0247; s__Streptococcus_anginosus_group
chr4_89723303_A_G	Bifidobacteria	0.2391304347826087	0.632183908045977	0.13802224249664274	-0.6356401925249244	-1.2318214500442861	4	s__Bifidobacterium_dentium; s__Bifidobacterium_breve
chr4_89723303_A_G	E. coli-Klebsiella	0.2804232804232804	0.632183908045977	0.10512513159700079	0.6956521739130435	1.168708097085543	3	s__Klebsiella_quasipneumoniae; s__Klebsiella_pneumoniae; s__Escherichia_coli
chr4_89723303_A_G	Fiber Degraders	0.8433908045977011	0.8433908045977011	0.03832057819769935	0.2697251850203971	0.7318607667869655	16	s__Eubacterium_rectale; s__Blautia_wexlerae; s__Fusicatenibacter_saccharivorans; s__Ruminococcus_bicirculans; s__Anaerostipes_hadrus; s__Roseburia_inulinivorans; s__Blautia_hansenii; s__Eubacterium_hallii
chr4_89723303_A_G	Lactobacilli	0.6068965517241379	0.7586206896551724	0.0762797180809272	-0.5	-0.8712455383795649	3	s__Lactobacillus_salivarius; s__Lactobacillus_rhamnosus; s__Lactobacillus_fermentum
chr4_89723303_A_G	Strepto-Actino	0.3793103448275862	0.632183908045977	0.1119183163251045	-0.46487485908700854	-1.0590356548343685	6	s__Actinomyces_sp_HPA0247; s__Streptococcus_vestibularis
chr4_89744890_C_T	Bifidobacteria	0.02209137222787643	0.037059460569308825	0.35248785758361917	0.8259596012421452	1.6877973881672987	4	s__Bifidobacterium_longum; s__Bifidobacterium_dentium
chr4_89744890_C_T	E. coli-Klebsiella	0.7163695299837926	0.7163695299837926	0.05132233304211431	-0.5130434782608696	-0.8550539822561128	3	s__Klebsiella_pneumoniae; s__Klebsiella_quasipneumoniae; s__Escherichia_coli
chr4_89744890_C_T	Fiber Degraders	0.01315130093140079	0.037059460569308825	0.3807304007227924	-0.6221864068711582	-1.6642414205042173	16	s__Ruminococcus_lactaris; s__Eubacterium_ramulus; s__Eubacterium_sp_CAG_38; s__Fusicatenibacter_saccharivorans; s__Roseburia_faecis; s__Eubacterium_rectale; s__Blautia_wexlerae; s__Roseburia_inulinivorans
chr4_89744890_C_T	Lactobacilli	0.2883116883116883	0.36038961038961037	0.12944288774504625	0.642357996427748	1.1779687486322812	3	s__Lactobacillus_rhamnosus
chr4_89744890_C_T	Strepto-Actino	0.022235676341585294	0.037059460569308825	0.35248785758361917	0.7029046113556229	1.7126512357479813	6	s__Streptococcus_vestibularis; s__Actinomyces_sp_HPA0247; s__Streptococcus_mutans; s__Streptococcus_anginosus_group
chr4_89757390_G_A	Bifidobacteria	7.975601197084389e-4	0.0019939002992710973	0.47727081536286214	0.9249697629330081	1.7902404703584947	4	s__Bifidobacterium_breve; s__Bifidobacterium_dentium; s__Bifidobacterium_longum
chr4_89757390_G_A	E. coli-Klebsiella	0.806	0.806	0.05559470977588687	0.4088829925603219	0.7181773036300645	3	s__Escherichia_coli
chr4_89757390_G_A	Fiber Degraders	2.8587524350910676e-4	0.0014293762175455337	0.49849310876659025	-0.6940073759413732	-2.069040416618025	16	s__Ruminococcus_lactaris; s__Eubacterium_ramulus; s__Fusicatenibacter_saccharivorans; s__Roseburia_faecis; s__Eubacterium_sp_CAG_38; s__Ruminococcus_bicirculans; s__Roseburia_inulinivorans; s__Eubacterium_rectale; s__Anaerostipes_hadrus; s__Blautia_wexlerae; s__Eubacterium_hallii
chr4_89757390_G_A	Lactobacilli	0.306	0.3825	0.10755437526516934	0.6652173913043478	1.1684125803894891	3	s__Lactobacillus_salivarius; s__Lactobacillus_fermentum; s__Lactobacillus_rhamnosus
chr4_89757390_G_A	Strepto-Actino	0.2515212981744422	0.3825	0.12154328203546907	0.5439120564318035	1.1971983359998284	6	s__Streptococcus_mutans; s__Streptococcus_anginosus_group; s__Streptococcus_vestibularis; s__Actinomyces_sp_HPA0247; s__Actinomyces_naeslundii
chr4_89761323_T_C	Bifidobacteria	0.18615751789976134	0.46539379474940334	0.15740289930528326	-0.6945026784564614	-1.3160685762344522	4	s__Bifidobacterium_dentium; s__Bifidobacterium_breve
chr4_89761323_T_C	E. coli-Klebsiella	0.16901408450704225	0.46539379474940334	0.14040623852334236	0.7565217391304347	1.254666115868016	3	s__Klebsiella_quasipneumoniae; s__Klebsiella_pneumoniae; s__Escherichia_coli
chr4_89761323_T_C	Fiber Degraders	0.6947674418604651	0.8225806451612904	0.0477342401407188	0.3179417941333118	0.8485809052333969	16	s__Fusicatenibacter_saccharivorans; s__Eubacterium_rectale; s__Blautia_wexlerae; s__Anaerostipes_hadrus; s__Blautia_hansenii; s__Roseburia_inulinivorans; s__Ruminococcus_bicirculans; s__Eubacterium_hallii; s__Ruminococcus_lactaris
chr4_89761323_T_C	Lactobacilli	0.8225806451612904	0.8225806451612904	0.06130260753962072	-0.41739130434782606	-0.7119435020617644	3	s__Lactobacillus_salivarius; s__Lactobacillus_rhamnosus; s__Lactobacillus_fermentum
chr4_89761323_T_C	Strepto-Actino	0.6272285251215559	0.8225806451612904	0.0574877409561325	0.44154884478191947	0.8969422048355027	6	s__Actinomyces_naeslundii
chr4_89838405_C_T	Bifidobacteria	0.8031746031746032	0.9318936877076412	0.04513442222090974	0.4107140677092546	0.7565756087718764	4	s__Bifidobacterium_longum
chr4_89838405_C_T	E. coli-Klebsiella	0.4950166112956811	0.9318936877076412	0.07011321576425601	0.5956521739130435	1.0010054319515869	3	s__Escherichia_coli; s__Klebsiella_pneumoniae; s__Klebsiella_quasipneumoniae
chr4_89838405_C_T	Fiber Degraders	0.7136363636363636	0.9318936877076412	0.10592029273625286	-0.25022574029611966	-0.8469764478422426	16	s__Eubacterium_ramulus; s__Eubacterium_sp_CAG_38
chr4_89838405_C_T	Lactobacilli	0.9318936877076412	0.9318936877076412	0.040411448203437554	0.3777112043944483	0.6347512589839294	3	s__Lactobacillus_salivarius
chr4_89838405_C_T	Strepto-Actino	0.7017543859649122	0.9318936877076412	0.04754341942013011	0.40436123913797933	0.8387496203919935	6	s__Streptococcus_anginosus_group; s__Actinomyces_naeslundii; s__Streptococcus_mutans
chr4_89840793_T_G	Bifidobacteria	0.023304898830850868	0.029131123538563584	0.35248785758361917	-0.8484751097396928	-1.5691904245900907	4	s__Bifidobacterium_breve; s__Bifidobacterium_dentium
chr4_89840793_T_G	E. coli-Klebsiella	0.9787234042553191	0.9787234042553191	0.04949048661354951	-0.2947408332465101	-0.4948993197509848	3	s__Klebsiella_quasipneumoniae; s__Escherichia_coli
chr4_89840793_T_G	Fiber Degraders	5.39978342776777e-4	0.002699891713883885	0.47727081536286214	0.7045519345011505	1.9219000229142964	16	s__Ruminococcus_lactaris; s__Roseburia_inulinivorans; s__Fusicatenibacter_saccharivorans; s__Anaerostipes_hadrus; s__Eubacterium_rectale; s__Blautia_wexlerae; s__Roseburia_intestinalis; s__Clostridium_sp_CAG_58; s__Eubacterium_eligens; s__Faecalibacterium_prausnitzii; s__Roseburia_faecis
chr4_89840793_T_G	Lactobacilli	0.01957637916796077	0.029131123538563584	0.35248785758361917	-0.911067016468402	-1.5297725860762121	3	s__Lactobacillus_rhamnosus; s__Lactobacillus_fermentum
chr4_89840793_T_G	Strepto-Actino	0.01689387851276345	0.029131123538563584	0.35248785758361917	-0.7810471217523474	-1.6636163226457121	6	s__Streptococcus_mutans; s__Streptococcus_vestibularis; s__Actinomyces_sp_HPA0247; s__Actinomyces_naeslundii; s__Streptococcus_anginosus_group
chr4_89859751_C_T	Bifidobacteria	0.8952569169960475	0.8952569169960475	0.05019342526494341	-0.34497816593886466	-0.6389774008342277	4	s__Bifidobacterium_longum; s__Bifidobacterium_breve; s__Bifidobacterium_dentium; s__Bifidobacterium_bifidum
chr4_89859751_C_T	E. coli-Klebsiella	0.8396793587174348	0.8952569169960475	0.053787280776029955	0.406081710176342	0.688027379576047	3	s__Klebsiella_quasipneumoniae; s__Klebsiella_pneumoniae
chr4_89859751_C_T	Fiber Degraders	0.18923933209647495	0.47309833024118736	0.13574094381042484	0.4407683549556294	1.2406227605982976	16	s__Ruminococcus_bicirculans; s__Faecalibacterium_prausnitzii; s__Roseburia_inulinivorans; s__Eubacterium_ramulus; s__Blautia_wexlerae; s__Eubacterium_hallii; s__Fusicatenibacter_saccharivorans
chr4_89859751_C_T	Lactobacilli	0.7394789579158316	0.8952569169960475	0.05973179763644106	0.46496872957602786	0.7878001115984166	3	s__Lactobacillus_rhamnosus
chr4_89859751_C_T	Strepto-Actino	0.02668432469083239	0.13342162345416195	0.35248785758361917	0.7485652343626988	1.5599302661974892	6	s__Actinomyces_naeslundii; s__Streptococcus_mutans
chr6_32441753_G_A	Bifidobacteria	0.9826989619377162	0.9826989619377162	0.03984069460738987	-0.2814417519478227	-0.5031029386270275	4	s__Bifidobacterium_longum; s__Bifidobacterium_bifidum; s__Bifidobacterium_dentium
chr6_32441753_G_A	E. coli-Klebsiella	0.20572450805008943	0.38461538461538464	0.12687572992985735	-0.7430024356352732	-1.2141791655148564	3	s__Klebsiella_quasipneumoniae; s__Klebsiella_pneumoniae
chr6_32441753_G_A	Fiber Degraders	0.23076923076923078	0.38461538461538464	0.15740289930528326	0.37318300379249414	1.1517239501141927	16	s__Anaerostipes_hadrus; s__Clostridium_sp_CAG_58; s__Faecalibacterium_prausnitzii
chr6_32441753_G_A	Lactobacilli	0.4293381037567084	0.5366726296958855	0.08130273453844984	-0.6478260869565218	-1.05864651303208	3	s__Lactobacillus_fermentum; s__Lactobacillus_rhamnosus; s__Lactobacillus_salivarius
chr6_32441753_G_A	Strepto-Actino	0.14502529510961215	0.38461538461538464	0.14920754243532175	-0.6459161122408034	-1.3130930495491524	6	s__Actinomyces_naeslundii; s__Streptococcus_anginosus_group; s__Actinomyces_sp_HPA0247; s__Streptococcus_mutans
chr6_32602640_A_C	Bifidobacteria	0.07981220657276995	0.19953051643192488	0.24504178543099617	-0.7510917030567685	-1.4692880035857327	4	s__Bifidobacterium_bifidum; s__Bifidobacterium_dentium; s__Bifidobacterium_breve; s__Bifidobacterium_longum
chr6_32602640_A_C	E. coli-Klebsiella	0.6327433628318584	0.6979695431472082	0.0721797965581253	-0.48393075288602533	-0.8532289814586963	3	s__Klebsiella_quasipneumoniae; s__Klebsiella_pneumoniae
chr6_32602640_A_C	Fiber Degraders	0.5	0.6979695431472082	0.10755437526516934	-0.30167982219132883	-0.9660440682953364	16	s__Blautia_hansenii; s__Eubacterium_ramulus; s__Eubacterium_rectale
chr6_32602640_A_C	Lactobacilli	0.005940386324308551	0.029701931621542756	0.40701791892395395	-0.9124248937526476	-1.6087164498460458	3	s__Lactobacillus_rhamnosus
chr6_32602640_A_C	Strepto-Actino	0.6979695431472082	0.6979695431472082	0.07417589655880091	-0.34801762114537443	-0.8046500889232685	6	s__Streptococcus_mutans; s__Actinomyces_naeslundii; s__Streptococcus_vestibularis; s__Actinomyces_oris; s__Streptococcus_anginosus_group; s__Actinomyces_sp_HPA0247
chr6_32604184_T_C	Bifidobacteria	0.07981220657276995	0.19953051643192488	0.24504178543099617	-0.7510917030567685	-1.4693786135894888	4	s__Bifidobacterium_bifidum; s__Bifidobacterium_dentium; s__Bifidobacterium_breve; s__Bifidobacterium_longum
chr6_32604184_T_C	E. coli-Klebsiella	0.6327433628318584	0.6979695431472082	0.0721797965581253	-0.4839218172198379	-0.8532549832047012	3	s__Klebsiella_quasipneumoniae; s__Klebsiella_pneumoniae
chr6_32604184_T_C	Fiber Degraders	0.5	0.6979695431472082	0.10755437526516934	-0.30165906294149075	-0.9661279899126556	16	s__Blautia_hansenii; s__Eubacterium_ramulus; s__Eubacterium_rectale
chr6_32604184_T_C	Lactobacilli	0.004465559030081707	0.022327795150408537	0.40701791892395395	-0.9120257357203244	-1.6080913819613576	3	s__Lactobacillus_rhamnosus
chr6_32604184_T_C	Strepto-Actino	0.6979695431472082	0.6979695431472082	0.07417589655880091	-0.34801762114537443	-0.8047295668416574	6	s__Streptococcus_mutans; s__Actinomyces_naeslundii; s__Streptococcus_vestibularis; s__Actinomyces_oris; s__Streptococcus_anginosus_group; s__Actinomyces_sp_HPA0247
chr6_32684419_T_C	Bifidobacteria	0.07606263982102908	0.22123893805309736	0.24504178543099617	-0.7494379575604455	-1.453441905158512	4	s__Bifidobacterium_dentium; s__Bifidobacterium_bifidum
chr6_32684419_T_C	E. coli-Klebsiella	0.6502145922746781	0.6502145922746781	0.06928364673925483	-0.48695652173913045	-0.8470942372772932	3	s__Escherichia_coli; s__Klebsiella_quasipneumoniae; s__Klebsiella_pneumoniae
chr6_32684419_T_C	Fiber Degraders	0.08849557522123894	0.22123893805309736	0.2616635217115731	-0.45694061267522984	-1.4145654726140775	16	s__Roseburia_inulinivorans; s__Ruminococcus_lactaris; s__Blautia_hansenii; s__Roseburia_intestinalis; s__Eubacterium_rectale; s__Eubacterium_sp_CAG_38; s__Eubacterium_ramulus
chr6_32684419_T_C	Lactobacilli	0.47854077253218885	0.5981759656652361	0.08528846897905017	-0.5862921862165488	-1.019895432411528	3	s__Lactobacillus_rhamnosus
chr6_32684419_T_C	Strepto-Actino	0.36515513126491644	0.5981759656652361	0.10755437526516934	-0.4770355426361333	-1.083451181020026	6	s__Actinomyces_naeslundii; s__Streptococcus_mutans; s__Actinomyces_sp_HPA0247; s__Streptococcus_vestibularis
chr6_32698883_C_T	Bifidobacteria	0.033264403853864095	0.16632201926932047	0.3217759180753611	-0.7839430055988885	-1.5206396245962475	4	s__Bifidobacterium_dentium; s__Bifidobacterium_bifidum
chr6_32698883_C_T	E. coli-Klebsiella	0.5394456289978679	0.6743070362473348	0.07850290473486872	-0.5521739130434783	-0.9622230485897331	3	s__Escherichia_coli; s__Klebsiella_quasipneumoniae; s__Klebsiella_pneumoniae
chr6_32698883_C_T	Fiber Degraders	0.1786743515850144	0.3651903651903652	0.17821987495197314	-0.3988390087567782	-1.2366399426240506	16	s__Blautia_hansenii; s__Roseburia_inulinivorans; s__Ruminococcus_lactaris; s__Eubacterium_sp_CAG_38; s__Roseburia_intestinalis; s__Eubacterium_ramulus; s__Eubacterium_rectale
chr6_32698883_C_T	Lactobacilli	0.8997867803837953	0.8997867803837953	0.05345721410899102	-0.3698046811714145	-0.6444248438652593	3	s__Lactobacillus_rhamnosus
chr6_32698883_C_T	Strepto-Actino	0.2191142191142191	0.3651903651903652	0.14205664357582118	-0.5572079448153783	-1.2724350123094468	6	s__Actinomyces_naeslundii; s__Streptococcus_mutans; s__Streptococcus_vestibularis; s__Actinomyces_sp_HPA0247; s__Streptococcus_anginosus_group
