snp_variant	clusterName	pval	padj	log2err	ES	NES	size	leadingEdge
chr4_89587189_T_G	Bifidobacteria	0.2821576763485477	0.2821576763485477	0.11524000314778066	-0.6258435112780578	-1.2100728064186488	4	s__Bifidobacterium_longum; s__Bifidobacterium_bifidum; s__Bifidobacterium_breve
chr4_89587189_T_G	E. coli-Klebsiella	0.02404403125847589	0.10475228405433551	0.35248785758361917	0.8623555202576153	1.5036448040126986	3	s__Klebsiella_quasipneumoniae; s__Klebsiella_pneumoniae
chr4_89587189_T_G	Fiber Degraders	0.25681818181818183	0.2821576763485477	0.1281429168984153	-0.3779434945238224	-1.1524533047793102	16	s__Ruminococcus_bicirculans; s__Roseburia_intestinalis; s__Eubacterium_sp_CAG_38; s__Ruminococcus_lactaris; s__Blautia_wexlerae
chr4_89587189_T_G	Lactobacilli	0.19736842105263158	0.2821576763485477	0.13355495455759195	0.7238303736243531	1.2621056567965043	3	s__Lactobacillus_rhamnosus; s__Lactobacillus_gasseri
chr4_89587189_T_G	Opportunistic Pathogens	0.0656191341318334	0.1312382682636668	0.2878051305355643	0.552543132313528	1.5312279208258497	13	s__Peptoniphilus_lacrimalis; s__Anaerococcus_vaginalis; s__Peptoniphilus_sp_HMSC062D09; s__Gemella_asaccharolytica; s__Varibaculum_cambriense; s__Peptoniphilus_harei; s__Finegoldia_magna
chr4_89587189_T_G	Strepto-Actino	0.03491742801811184	0.10475228405433551	0.3217759180753611	0.7965067985948957	1.5262256147883935	4	s__Streptococcus_vestibularis; s__Actinomyces_oris
chr4_89685975_C_G	Bifidobacteria	0.031347777386129656	0.18808666431677795	0.3217759180753611	0.8226598246464409	1.5634107921215645	4	s__Bifidobacterium_longum; s__Bifidobacterium_bifidum
chr4_89685975_C_G	E. coli-Klebsiella	0.2682926829268293	0.35928143712574845	0.11724971674979229	-0.6981124413443028	-1.2014133878623967	3	s__Klebsiella_quasipneumoniae; s__Klebsiella_pneumoniae
chr4_89685975_C_G	Fiber Degraders	0.1949317738791423	0.35928143712574845	0.1372507796101328	0.42338388105417374	1.2268782646118483	16	s__Ruminococcus_bicirculans; s__Blautia_wexlerae; s__Roseburia_intestinalis; s__Eubacterium_sp_CAG_38; s__Blautia_hansenii; s__Ruminococcus_lactaris
chr4_89685975_C_G	Lactobacilli	0.29065040650406504	0.35928143712574845	0.1119183163251045	-0.6852376568116135	-1.1792565867693936	3	s__Lactobacillus_rhamnosus; s__Lactobacillus_gasseri
chr4_89685975_C_G	Opportunistic Pathogens	0.2994011976047904	0.35928143712574845	0.10882012676916121	-0.41336870906484646	-1.1432024513825958	13	s__Peptoniphilus_lacrimalis; s__Prevotella_timonensis; s__Peptoniphilus_sp_HMSC062D09; s__Anaerococcus_vaginalis; s__Gemella_asaccharolytica; s__Varibaculum_cambriense
chr4_89685975_C_G	Strepto-Actino	0.4243614931237721	0.4243614931237721	0.08705158679467351	-0.5645090266233688	-1.0549569754848802	4	s__Streptococcus_mutans; s__Actinomyces_oris; s__Streptococcus_anginosus_group
chr4_89715479_G_A	Bifidobacteria	0.18688524590163935	0.26944357665427016	0.18643255843407516	0.6305041593399245	1.3061534702733317	4	s__Bifidobacterium_bifidum; s__Bifidobacterium_longum
chr4_89715479_G_A	E. coli-Klebsiella	0.20923076923076922	0.26944357665427016	0.11524000314778066	-0.7182549378571473	-1.2104737450601537	3	s__Klebsiella_quasipneumoniae; s__Klebsiella_pneumoniae
chr4_89715479_G_A	Fiber Degraders	0.2245363138785585	0.26944357665427016	0.24924655438329513	0.3635208440400089	1.3098378253962848	16	s__Ruminococcus_bicirculans; s__Fusicatenibacter_saccharivorans; s__Ruminococcus_lactaris; s__Roseburia_intestinalis
chr4_89715479_G_A	Lactobacilli	0.06554934826978152	0.26944357665427016	0.2878051305355643	-0.8477683930443651	-1.4287425363668584	3	s__Lactobacillus_rhamnosus; s__Lactobacillus_gasseri
chr4_89715479_G_A	Opportunistic Pathogens	0.1508313539192399	0.26944357665427016	0.11988784511542344	-0.5227771296313776	-1.294163515818726	13	s__Peptoniphilus_sp_HMSC062D09; s__Anaerococcus_vaginalis; s__Peptoniphilus_lacrimalis; s__Finegoldia_magna; s__Gemella_asaccharolytica; s__Varibaculum_cambriense; s__Prevotella_buccalis; s__Porphyromonas_sp_HMSC065F10
chr4_89715479_G_A	Strepto-Actino	0.4648493543758967	0.4648493543758967	0.06598161440087301	-0.566456149072727	-1.0224733806071193	4	s__Streptococcus_anginosus_group; s__Actinomyces_oris; s__Streptococcus_mutans
chr4_89716450_G_A	Bifidobacteria	0.6855670103092784	0.6855670103092784	0.07588869006061172	0.39979029305484726	0.8027004856286482	4	s__Bifidobacterium_longum; s__Bifidobacterium_dentium; s__Bifidobacterium_bifidum
chr4_89716450_G_A	E. coli-Klebsiella	0.24869565217391304	0.5483405483405484	0.1119183163251045	-0.6987551454209382	-1.184113954042352	3	s__Klebsiella_quasipneumoniae; s__Klebsiella_pneumoniae
chr4_89716450_G_A	Fiber Degraders	0.022032074600445983	0.1321924476026759	0.35248785758361917	0.5103413822647028	1.680347045519105	16	s__Ruminococcus_bicirculans; s__Fusicatenibacter_saccharivorans; s__Ruminococcus_lactaris; s__Blautia_wexlerae; s__Roseburia_intestinalis
chr4_89716450_G_A	Lactobacilli	0.5234782608695652	0.6281739130434781	0.06961334388509648	-0.5843681067305824	-0.9902731078425894	3	s__Lactobacillus_rhamnosus; s__Lactobacillus_gasseri
chr4_89716450_G_A	Opportunistic Pathogens	0.2741702741702742	0.5483405483405484	0.0943563635421779	-0.45590919238512506	-1.1807821103076848	13	s__Peptoniphilus_sp_HMSC062D09; s__Peptoniphilus_lacrimalis; s__Anaerococcus_vaginalis; s__Porphyromonas_sp_HMSC065F10; s__Prevotella_buccalis; s__Varibaculum_cambriense
chr4_89716450_G_A	Strepto-Actino	0.44136807817589574	0.6281739130434781	0.07492788183937392	-0.5667618565768655	-1.0363287231994633	4	s__Streptococcus_anginosus_group; s__Actinomyces_oris; s__Streptococcus_mutans
chr4_89718364_G_T	Bifidobacteria	0.04948805460750853	0.14846416382252559	0.26635065708852557	0.7961513887088	1.4412836712983659	4	s__Bifidobacterium_breve; s__Bifidobacterium_bifidum
chr4_89718364_G_T	E. coli-Klebsiella	0.5569007263922519	0.6768166089965397	0.08359906036841593	-0.5156699708305991	-0.9212422034149275	3	s__Klebsiella_quasipneumoniae
chr4_89718364_G_T	Fiber Degraders	0.5640138408304498	0.6768166089965397	0.1035763266125924	-0.2919243534948556	-0.9277644567837013	16	s__Roseburia_faecis; s__Roseburia_inulinivorans; s__Eubacterium_eligens; s__Eubacterium_hallii
chr4_89718364_G_T	Lactobacilli	0.8401937046004843	0.8401937046004843	0.06266182309324915	-0.376984126984127	-0.6734805349163878	3	s__Lactobacillus_rhamnosus; s__Lactobacillus_fermentum; s__Lactobacillus_gasseri
chr4_89718364_G_T	Opportunistic Pathogens	0.2598684210526316	0.5197368421052632	0.1563124030731863	-0.38906207279600047	-1.1516637979380508	13	s__Corynebacterium_aurimucosum; s__Anaerococcus_vaginalis; s__Finegoldia_magna; s__Gemella_asaccharolytica; s__Porphyromonas_asaccharolytica; s__Peptoniphilus_sp_HMSC062D09; s__Peptoniphilus_harei
chr4_89718364_G_T	Strepto-Actino	0.0071769100114093135	0.04306146006845588	0.40701791892395395	0.8697129577506569	1.574453178754811	4	s__Streptococcus_mutans; s__Actinomyces_oris; s__Streptococcus_anginosus_group
chr4_89720189_T_C	Bifidobacteria	0.7570332480818415	0.7570332480818415	0.07045008506584192	0.3685066457263817	0.7355277273988127	4	s__Bifidobacterium_longum; s__Bifidobacterium_bifidum; s__Bifidobacterium_dentium
chr4_89720189_T_C	E. coli-Klebsiella	0.3315972222222222	0.6631944444444444	0.09405034657278127	-0.6639781315103819	-1.118540210002551	3	s__Klebsiella_quasipneumoniae; s__Klebsiella_pneumoniae
chr4_89720189_T_C	Fiber Degraders	0.03703875446640436	0.22223252679842614	0.3217759180753611	0.49240059524930896	1.6104158088956162	16	s__Ruminococcus_bicirculans; s__Fusicatenibacter_saccharivorans; s__Ruminococcus_lactaris; s__Blautia_wexlerae; s__Roseburia_intestinalis
chr4_89720189_T_C	Lactobacilli	0.6510416666666666	0.7570332480818415	0.05896944666909967	-0.5375782171271106	-0.9056064098230823	3	s__Lactobacillus_rhamnosus; s__Lactobacillus_gasseri
chr4_89720189_T_C	Opportunistic Pathogens	0.3066860465116279	0.6631944444444444	0.08835944425009051	-0.4438044716348454	-1.148064416998138	13	s__Peptoniphilus_sp_HMSC062D09; s__Peptoniphilus_lacrimalis; s__Anaerococcus_vaginalis; s__Prevotella_buccalis; s__Porphyromonas_sp_HMSC065F10; s__Varibaculum_cambriense
chr4_89720189_T_C	Strepto-Actino	0.6006546644844517	0.7570332480818415	0.059989249649032995	-0.5116196332548217	-0.9279167606038735	4	s__Streptococcus_anginosus_group; s__Actinomyces_oris; s__Streptococcus_mutans
chr4_89723303_A_G	Bifidobacteria	0.04521739130434783	0.1356521739130435	0.28201335001172506	0.79541708633428	1.437055380097156	4	s__Bifidobacterium_breve; s__Bifidobacterium_bifidum
chr4_89723303_A_G	E. coli-Klebsiella	0.5263157894736842	0.633009708737864	0.08603472424556043	-0.535278407717289	-0.9542653177820238	3	s__Klebsiella_quasipneumoniae
chr4_89723303_A_G	Fiber Degraders	0.5275080906148867	0.633009708737864	0.1035763266125924	-0.29611155156553415	-0.9478911186874706	16	s__Roseburia_faecis; s__Roseburia_inulinivorans; s__Eubacterium_eligens; s__Eubacterium_hallii
chr4_89723303_A_G	Lactobacilli	0.8492822966507177	0.8492822966507177	0.061570675542167844	-0.376984126984127	-0.6720668581970665	3	s__Lactobacillus_rhamnosus; s__Lactobacillus_fermentum; s__Lactobacillus_gasseri
chr4_89723303_A_G	Opportunistic Pathogens	0.23734177215189872	0.47468354430379744	0.1608014010700223	-0.40273835113407813	-1.186583976990453	13	s__Corynebacterium_aurimucosum; s__Anaerococcus_vaginalis; s__Finegoldia_magna; s__Gemella_asaccharolytica; s__Porphyromonas_asaccharolytica; s__Peptoniphilus_sp_HMSC062D09; s__Peptoniphilus_harei
chr4_89723303_A_G	Strepto-Actino	0.012103942078115125	0.07262365246869075	0.3807304007227924	0.8652841283548517	1.563281997996261	4	s__Streptococcus_mutans; s__Actinomyces_oris; s__Streptococcus_anginosus_group
chr4_89744890_C_T	Bifidobacteria	0.8272251308900523	0.8272251308900523	0.06720650937104644	0.350597609561753	0.6978701161064421	4	s__Bifidobacterium_longum; s__Bifidobacterium_bifidum; s__Bifidobacterium_dentium; s__Bifidobacterium_breve
chr4_89744890_C_T	E. coli-Klebsiella	0.30689655172413793	0.6628571428571428	0.09821233512174378	-0.6760603507516217	-1.1344705284413594	3	s__Klebsiella_quasipneumoniae; s__Klebsiella_pneumoniae
chr4_89744890_C_T	Fiber Degraders	0.025277742698870884	0.1516664561932253	0.35248785758361917	0.49619650569491397	1.6214502562933564	16	s__Ruminococcus_bicirculans; s__Fusicatenibacter_saccharivorans; s__Ruminococcus_lactaris; s__Blautia_wexlerae; s__Roseburia_intestinalis
chr4_89744890_C_T	Lactobacilli	0.6379310344827587	0.8090322580645161	0.059603704257597284	-0.544212219945335	-0.9132213182731875	3	s__Lactobacillus_rhamnosus; s__Lactobacillus_gasseri
chr4_89744890_C_T	Opportunistic Pathogens	0.3314285714285714	0.6628571428571428	0.083129129135339	-0.4342543638008663	-1.119197079789851	13	s__Peptoniphilus_sp_HMSC062D09; s__Peptoniphilus_lacrimalis; s__Anaerococcus_vaginalis; s__Porphyromonas_sp_HMSC065F10; s__Prevotella_buccalis; s__Varibaculum_cambriense
chr4_89744890_C_T	Strepto-Actino	0.6741935483870968	0.8090322580645161	0.05389790253573186	-0.48881595261033306	-0.8865994444062353	4	s__Streptococcus_anginosus_group; s__Actinomyces_oris; s__Streptococcus_mutans
chr4_89757390_G_A	Bifidobacteria	0.1031390134529148	0.3094170403587444	0.2089550275493539	0.7295587017700704	1.4285618651994656	4	s__Bifidobacterium_bifidum; s__Bifidobacterium_longum; s__Bifidobacterium_dentium
chr4_89757390_G_A	E. coli-Klebsiella	0.8395833333333333	0.8395833333333333	0.05559470977588687	0.3874258827015561	0.6892402179092105	3	s__Escherichia_coli
chr4_89757390_G_A	Fiber Degraders	0.07655502392344497	0.3094170403587444	0.2529611230696109	0.4597339739895821	1.4179233933186406	16	s__Blautia_wexlerae; s__Ruminococcus_bicirculans; s__Ruminococcus_lactaris; s__Fusicatenibacter_saccharivorans; s__Roseburia_intestinalis
chr4_89757390_G_A	Lactobacilli	0.8206106870229007	0.8395833333333333	0.05258989506236158	-0.4258394221948325	-0.7335216410942523	3	s__Lactobacillus_rhamnosus; s__Lactobacillus_gasseri
chr4_89757390_G_A	Opportunistic Pathogens	0.5938566552901023	0.8395833333333333	0.06252374147247618	-0.32734396982044	-0.8812520924124679	13	s__Peptoniphilus_lacrimalis; s__Peptoniphilus_sp_HMSC062D09; s__Prevotella_timonensis; s__Anaerococcus_vaginalis
chr4_89757390_G_A	Strepto-Actino	0.2697841726618705	0.539568345323741	0.10882012676916121	-0.637963808284739	-1.189146110138357	4	s__Actinomyces_oris; s__Streptococcus_mutans; s__Streptococcus_anginosus_group
chr4_89761323_T_C	Bifidobacteria	0.028912908722619875	0.08673872616785963	0.35248785758361917	0.8097621608366427	1.4727254883524148	4	s__Bifidobacterium_breve; s__Bifidobacterium_bifidum
chr4_89761323_T_C	E. coli-Klebsiella	0.7142857142857143	0.8571428571428571	0.07147862874255066	-0.43253968253968256	-0.7748255124083887	3	s__Klebsiella_quasipneumoniae; s__Klebsiella_pneumoniae; s__Escherichia_coli
chr4_89761323_T_C	Fiber Degraders	0.2823920265780731	0.4235880398671097	0.15016980212840597	-0.3503698425515492	-1.1252960805027825	16	s__Roseburia_faecis; s__Roseburia_inulinivorans; s__Eubacterium_eligens; s__Anaerostipes_hadrus; s__Eubacterium_hallii; s__Fusicatenibacter_saccharivorans
chr4_89761323_T_C	Lactobacilli	0.9765100671140939	0.9765100671140939	0.03871667400425939	0.2979420413615902	0.4961146915944335	3	s__Lactobacillus_fermentum; s__Lactobacillus_gasseri
chr4_89761323_T_C	Opportunistic Pathogens	0.28	0.4235880398671097	0.15114876138548375	-0.386814178127578	-1.133456913392617	13	s__Corynebacterium_aurimucosum; s__Anaerococcus_vaginalis; s__Finegoldia_magna; s__Gemella_asaccharolytica; s__Peptoniphilus_sp_HMSC062D09; s__Peptoniphilus_harei
chr4_89761323_T_C	Strepto-Actino	0.010767089984007688	0.06460253990404613	0.3807304007227924	0.8617761163648803	1.5673239788243818	4	s__Streptococcus_mutans; s__Actinomyces_oris; s__Streptococcus_anginosus_group
chr4_89838405_C_T	Bifidobacteria	0.8286384976525821	0.8286384976525821	0.061840603575328466	0.3537950661262053	0.6856172984516308	4	s__Bifidobacterium_bifidum; s__Bifidobacterium_breve
chr4_89838405_C_T	E. coli-Klebsiella	0.46950092421441775	0.7042513863216266	0.07829552499447937	-0.6124337163706959	-1.0289640074308406	3	s__Klebsiella_quasipneumoniae; s__Klebsiella_pneumoniae
chr4_89838405_C_T	Fiber Degraders	0.03815631561075416	0.11446894683226247	0.3217759180753611	0.5467303651381669	1.6888337702269447	16	s__Ruminococcus_bicirculans; s__Blautia_wexlerae; s__Fusicatenibacter_saccharivorans; s__Ruminococcus_lactaris; s__Eubacterium_ramulus; s__Clostridium_sp_CAG_58; s__Eubacterium_sp_CAG_38; s__Blautia_hansenii; s__Roseburia_intestinalis
chr4_89838405_C_T	Lactobacilli	0.026685928468065525	0.11446894683226247	0.35248785758361917	-0.8957024943761169	-1.5048904125343623	3	s__Lactobacillus_rhamnosus; s__Lactobacillus_gasseri
chr4_89838405_C_T	Opportunistic Pathogens	0.7737909516380655	0.8286384976525821	0.04604576830180555	-0.30116518078664495	-0.768418299208495	13	s__Anaerococcus_vaginalis; s__Peptoniphilus_sp_HMSC062D09; s__Porphyromonas_sp_HMSC065F10; s__Prevotella_buccalis; s__Gemella_asaccharolytica; s__Finegoldia_magna; s__Varibaculum_cambriense
chr4_89838405_C_T	Strepto-Actino	0.12305025996533796	0.24610051993067592	0.16565669520548273	-0.7450199203187251	-1.346828177270601	4	s__Streptococcus_vestibularis; s__Streptococcus_mutans; s__Actinomyces_oris; s__Streptococcus_anginosus_group
chr4_89840793_T_G	Bifidobacteria	0.28547008547008546	0.42397476340694007	0.10208010766274725	-0.6573705179282868	-1.1708963998934037	4	s__Bifidobacterium_longum; s__Bifidobacterium_bifidum; s__Bifidobacterium_dentium; s__Bifidobacterium_breve
chr4_89840793_T_G	E. coli-Klebsiella	0.658273381294964	0.658273381294964	0.06011861425318512	-0.5354158502695284	-0.8992930311841245	3	s__Klebsiella_pneumoniae
chr4_89840793_T_G	Fiber Degraders	0.08721995256429221	0.26165985769287664	0.2878051305355643	0.48520169817504155	1.5249540563064727	16	s__Clostridium_sp_CAG_58; s__Roseburia_inulinivorans; s__Fusicatenibacter_saccharivorans; s__Blautia_wexlerae; s__Ruminococcus_bicirculans; s__Anaerostipes_hadrus
chr4_89840793_T_G	Lactobacilli	0.33992805755395683	0.42397476340694007	0.09466462231533423	-0.6743493157411242	-1.1326479033530574	3	s__Lactobacillus_gasseri; s__Lactobacillus_fermentum
chr4_89840793_T_G	Opportunistic Pathogens	0.35331230283911674	0.42397476340694007	0.12878871306171366	0.365918708108209	1.0699130755353212	13	s__Peptoniphilus_lacrimalis; s__Peptoniphilus_sp_HMSC062D09; s__Prevotella_timonensis; s__Corynebacterium_aurimucosum; s__Anaerococcus_vaginalis; s__Porphyromonas_asaccharolytica
chr4_89840793_T_G	Strepto-Actino	0.0034503122762340713	0.02070187365740443	0.4317076958033464	-0.9064689985631378	-1.6145860790616473	4	s__Streptococcus_vestibularis; s__Streptococcus_mutans
chr4_89859751_C_T	Bifidobacteria	0.9728033472803347	0.9728033472803347	0.048995408986248136	0.27091633466135456	0.5251295339141444	4	s__Bifidobacterium_longum; s__Bifidobacterium_breve; s__Bifidobacterium_bifidum; s__Bifidobacterium_dentium
chr4_89859751_C_T	E. coli-Klebsiella	0.4800796812749004	0.9728033472803347	0.08108020575508663	-0.5799038587735965	-1.0136530828380177	3	s__Klebsiella_quasipneumoniae; s__Klebsiella_pneumoniae
chr4_89859751_C_T	Fiber Degraders	0.5882352941176471	0.9728033472803347	0.06815134386794833	-0.3123545825795938	-0.9183496253171479	16	s__Ruminococcus_lactaris; s__Fusicatenibacter_saccharivorans; s__Faecalibacterium_prausnitzii; s__Anaerostipes_hadrus; s__Eubacterium_eligens; s__Roseburia_faecis
chr4_89859751_C_T	Lactobacilli	0.8884462151394422	0.9728033472803347	0.050908286551510536	-0.373015873015873	-0.6520196130953385	3	s__Lactobacillus_gasseri; s__Lactobacillus_fermentum; s__Lactobacillus_rhamnosus
chr4_89859751_C_T	Opportunistic Pathogens	0.021513111146840125	0.12907866688104075	0.35248785758361917	-0.5885886813313657	-1.6429398785722371	13	s__Peptoniphilus_sp_HMSC062D09; s__Anaerococcus_vaginalis; s__Finegoldia_magna; s__Peptoniphilus_harei; s__Varibaculum_cambriense; s__Prevotella_buccalis; s__Gemella_asaccharolytica; s__Peptoniphilus_lacrimalis; s__Porphyromonas_asaccharolytica
chr4_89859751_C_T	Strepto-Actino	0.8389121338912134	0.9728033472803347	0.05582647177874898	0.35084631006443806	0.680061464399832	4	s__Streptococcus_anginosus_group; s__Actinomyces_oris
chr6_32441753_G_A	Bifidobacteria	0.49382716049382713	0.5925925925925926	0.08130273453844984	-0.4865571734722081	-0.9541220998794073	4	s__Bifidobacterium_longum; s__Bifidobacterium_breve
chr6_32441753_G_A	E. coli-Klebsiella	0.70817843866171	0.70817843866171	0.0582216241124161	0.49603174603174605	0.8497631776144456	3	s__Klebsiella_quasipneumoniae; s__Klebsiella_pneumoniae; s__Escherichia_coli
chr6_32441753_G_A	Fiber Degraders	0.43171806167400884	0.5925925925925926	0.09255288646847727	-0.3385818404679084	-1.0249952409864147	16	s__Faecalibacterium_prausnitzii; s__Eubacterium_eligens; s__Ruminococcus_bicirculans; s__Eubacterium_hallii
chr6_32441753_G_A	Lactobacilli	0.012382947149926367	0.0742976828995582	0.3807304007227924	0.8888888888888888	1.5227756142850866	3	s__Lactobacillus_fermentum; s__Lactobacillus_gasseri; s__Lactobacillus_rhamnosus
chr6_32441753_G_A	Opportunistic Pathogens	0.3333333333333333	0.5925925925925926	0.09787732774245612	0.40469057007481823	1.1129292422831965	13	s__Corynebacterium_aurimucosum; s__Corynebacterium_amycolatum; s__Porphyromonas_asaccharolytica; s__Peptoniphilus_sp_HMSC062D09; s__Porphyromonas_sp_HMSC065F10; s__Prevotella_buccalis
chr6_32441753_G_A	Strepto-Actino	0.44874274661508706	0.5925925925925926	0.083129129135339	0.5531662401132906	1.0347665961053556	4	s__Streptococcus_mutans
chr6_32602640_A_C	Bifidobacteria	0.7495462794918331	0.7495462794918331	0.054455595394037055	-0.4277161120800108	-0.8035036770028122	4	s__Bifidobacterium_longum
chr6_32602640_A_C	E. coli-Klebsiella	0.571157495256167	0.6853889943074004	0.06961334388509648	-0.547828697749912	-0.9555907139718052	3	s__Escherichia_coli
chr6_32602640_A_C	Fiber Degraders	0.30427350427350425	0.6085470085470085	0.09821233512174378	-0.38582925289742714	-1.119522298410802	16	s__Roseburia_inulinivorans; s__Eubacterium_hallii; s__Faecalibacterium_prausnitzii; s__Roseburia_faecis; s__Anaerostipes_hadrus; s__Clostridium_sp_CAG_58; s__Ruminococcus_bicirculans
chr6_32602640_A_C	Lactobacilli	0.06079664570230608	0.18238993710691823	0.26635065708852557	0.8134920634920635	1.4655387473644461	3	s__Lactobacillus_rhamnosus; s__Lactobacillus_fermentum; s__Lactobacillus_gasseri
chr6_32602640_A_C	Opportunistic Pathogens	0.01737427316241549	0.10424563897449293	0.35248785758361917	0.588287326810372	1.7344177356023738	13	s__Porphyromonas_sp_HMSC065F10; s__Prevotella_timonensis; s__Prevotella_buccalis; s__Peptoniphilus_sp_HMSC062D09; s__Porphyromonas_asaccharolytica; s__Peptoniphilus_lacrimalis; s__Anaerococcus_vaginalis; s__Finegoldia_magna
chr6_32602640_A_C	Strepto-Actino	0.4863883847549909	0.6853889943074004	0.0755015292281669	-0.5297899241557784	-0.9952586308429212	4	s__Actinomyces_oris
chr6_32604184_T_C	Bifidobacteria	0.75	0.75	0.05434343902691621	-0.42795116826157886	-0.8042629524493318	4	s__Bifidobacterium_longum
chr6_32604184_T_C	E. coli-Klebsiella	0.571157495256167	0.6853889943074004	0.06961334388509648	-0.5483032984048908	-0.9558328307439538	3	s__Escherichia_coli
chr6_32604184_T_C	Fiber Degraders	0.3037542662116041	0.6075085324232082	0.09821233512174378	-0.3861987990534015	-1.1196527483278982	16	s__Roseburia_inulinivorans; s__Eubacterium_hallii; s__Faecalibacterium_prausnitzii; s__Roseburia_faecis; s__Anaerostipes_hadrus; s__Clostridium_sp_CAG_58; s__Ruminococcus_bicirculans
chr6_32604184_T_C	Lactobacilli	0.06079664570230608	0.18238993710691823	0.26635065708852557	0.8134920634920635	1.4665760727537374	3	s__Lactobacillus_rhamnosus; s__Lactobacillus_fermentum; s__Lactobacillus_gasseri
chr6_32604184_T_C	Opportunistic Pathogens	0.020739535657520704	0.12443721394512422	0.35248785758361917	0.5880227770870432	1.7361485864445882	13	s__Porphyromonas_sp_HMSC065F10; s__Prevotella_timonensis; s__Prevotella_buccalis; s__Peptoniphilus_sp_HMSC062D09; s__Porphyromonas_asaccharolytica; s__Peptoniphilus_lacrimalis; s__Anaerococcus_vaginalis; s__Finegoldia_magna
chr6_32604184_T_C	Strepto-Actino	0.4855072463768116	0.6853889943074004	0.0755015292281669	-0.5312075757798622	-0.9983161747067032	4	s__Actinomyces_oris
chr6_32684419_T_C	Bifidobacteria	0.5361305361305362	0.6433566433566434	0.08359906036841593	-0.4469817520559539	-0.9077125646267743	4	s__Bifidobacterium_breve; s__Bifidobacterium_longum
chr6_32684419_T_C	E. coli-Klebsiella	0.8480138169257341	0.8480138169257341	0.04650840487191565	0.4269614264062747	0.7223363474411216	3	s__Klebsiella_quasipneumoniae; s__Klebsiella_pneumoniae
chr6_32684419_T_C	Fiber Degraders	0.08663729809104258	0.2141623488773748	0.18302393838448722	0.4936743672394401	1.378924939245249	16	s__Eubacterium_sp_CAG_38; s__Ruminococcus_lactaris; s__Roseburia_intestinalis; s__Fusicatenibacter_saccharivorans
chr6_32684419_T_C	Lactobacilli	0.1070811744386874	0.2141623488773748	0.17821987495197314	0.7777777777777778	1.3158499207988776	3	s__Lactobacillus_fermentum; s__Lactobacillus_gasseri; s__Lactobacillus_rhamnosus
chr6_32684419_T_C	Opportunistic Pathogens	0.033927705122512634	0.2035662307350758	0.3217759180753611	0.5761685634743015	1.544129850079656	13	s__Prevotella_timonensis; s__Prevotella_buccalis; s__Porphyromonas_asaccharolytica; s__Porphyromonas_sp_HMSC065F10; s__Anaerococcus_vaginalis; s__Varibaculum_cambriense; s__Peptoniphilus_lacrimalis; s__Finegoldia_magna; s__Corynebacterium_aurimucosum; s__Peptoniphilus_sp_HMSC062D09
chr6_32684419_T_C	Strepto-Actino	0.4662004662004662	0.6433566433566434	0.09139243259437684	-0.4874667306386936	-0.989927830841039	4	s__Actinomyces_oris
chr6_32698883_C_T	Bifidobacteria	0.7594433399602386	0.8809034907597536	0.05809835768732064	-0.39521980805292534	-0.7527504521959193	4	s__Bifidobacterium_breve; s__Bifidobacterium_longum
chr6_32698883_C_T	E. coli-Klebsiella	0.8809034907597536	0.8809034907597536	0.05269730857084192	-0.376984126984127	-0.6573591401329877	3	s__Escherichia_coli; s__Klebsiella_pneumoniae; s__Klebsiella_quasipneumoniae
chr6_32698883_C_T	Fiber Degraders	0.05555555555555555	0.1848906560636183	0.26635065708852557	0.49916637623786964	1.467039865919741	16	s__Eubacterium_sp_CAG_38; s__Ruminococcus_lactaris; s__Roseburia_intestinalis; s__Eubacterium_ramulus; s__Fusicatenibacter_saccharivorans
chr6_32698883_C_T	Lactobacilli	0.2335907335907336	0.4671814671814672	0.12325722638133735	0.7103174603174602	1.2325892444601787	3	s__Lactobacillus_fermentum; s__Lactobacillus_gasseri; s__Lactobacillus_rhamnosus
chr6_32698883_C_T	Opportunistic Pathogens	0.359375	0.5390625	0.09624060232812902	0.3960839858860954	1.0996567649940818	13	s__Prevotella_timonensis; s__Prevotella_buccalis; s__Porphyromonas_sp_HMSC065F10; s__Porphyromonas_asaccharolytica; s__Anaerococcus_vaginalis; s__Peptoniphilus_sp_HMSC062D09; s__Varibaculum_cambriense; s__Peptoniphilus_lacrimalis; s__Corynebacterium_aurimucosum; s__Finegoldia_magna
chr6_32698883_C_T	Strepto-Actino	0.061630218687872766	0.1848906560636183	0.25720646646883816	-0.7814735258795708	-1.4884237530579718	4	s__Actinomyces_oris
